<?xml version='1.0' encoding='UTF-8' standalone='yes'?>
<addon id="service.upnext" name="Up Next" provider-name="im85288" version="1.0.0">
    <requires>
        <import addon="script.module.requests" version="2.9.1"/>
        <import addon="xbmc.python" version="2.26.0"/>
    </requires>
    <extension library="service.py" point="xbmc.service"/>
    <extension point="xbmc.addon.metadata">
        <summary lang="de">Ein PopUp Fenster wie bei Netflix wird angezeigt um ganz einfach die nächste Episode anzusehen
        </summary>
        <description lang="de">Ein PopUp Fenster wie bei Netflix wird angezeigt um ganz einfach die nächste Episode anzusehen, mit Schicker (Fancy) oder Einfacher (Simple) Anzeige Einstellung
		Nachdem einige Folgen, in Reihe, automatische geschaut wurden, erscheint ein PopUp Fenster, ob man noch da ist und noch schaut
        </description>
        <platform>all</platform>
        <assets>
            <icon>icon.png</icon>
            <fanart>fanart.jpg</fanart>
            <screenshot>resources/screenshot-01.jpg</screenshot>
            <screenshot>resources/screenshot-02.jpg</screenshot>
            <screenshot>resources/screenshot-03.jpg</screenshot>
            <screenshot>resources/screenshot-04.jpg</screenshot>
        </assets>
    </extension>
</addon>
